[{"model": "contenttypes.contenttype", "pk": 1, "fields": {"app_label": "admin", "model": "logentry"}}, {"model": "contenttypes.contenttype", "pk": 2, "fields": {"app_label": "auth", "model": "permission"}}, {"model": "contenttypes.contenttype", "pk": 3, "fields": {"app_label": "auth", "model": "group"}}, {"model": "contenttypes.contenttype", "pk": 4, "fields": {"app_label": "auth", "model": "user"}}, {"model": "contenttypes.contenttype", "pk": 5, "fields": {"app_label": "contenttypes", "model": "contenttype"}}, {"model": "contenttypes.contenttype", "pk": 6, "fields": {"app_label": "sessions", "model": "session"}}, {"model": "contenttypes.contenttype", "pk": 7, "fields": {"app_label": "nertz", "model": "room"}}, {"model": "contenttypes.contenttype", "pk": 8, "fields": {"app_label": "nertz", "model": "game"}}, {"model": "contenttypes.contenttype", "pk": 9, "fields": {"app_label": "nertz", "model": "round"}}, {"model": "contenttypes.contenttype", "pk": 10, "fields": {"app_label": "nertz", "model": "hand"}}, {"model": "sessions.session", "pk": "5trdc9yfflpi7e6y16jgi4mmagj7tazd", "fields": {"session_data": "Njk4MTMwMDM3MmU0ZmIzNjU2MzNhODQ0ZTUxYWRjODMxM2FkMjgwYzp7Il9hdXRoX3VzZXJfaWQiOiIxIiwiX2F1dGhfdXNlcl9iYWNrZW5kIjoiZGphbmdvLmNvbnRyaWIuYXV0aC5iYWNrZW5kcy5Nb2RlbEJhY2tlbmQiLCJfYXV0aF91c2VyX2hhc2giOiJlNDY5YmQ5OTRjNDk4N2Y2MTg4YjYyNWY3MWU2MTUzM2U0MjFjMjA1In0=", "expire_date": "2020-01-25T23:28:12.911Z"}}, {"model": "sessions.session", "pk": "dhaumo4w7nqgnldzskyu2bi6zh3ba2ji", "fields": {"session_data": "YjQwNmMzZGRjNDIzODA1YjRmNTIwOTU1ZDdmNDdlOTM4ODNhMmQ4MTp7Il9hdXRoX3VzZXJfaWQiOiIxIiwiX2F1dGhfdXNlcl9iYWNrZW5kIjoiZGphbmdvLmNvbnRyaWIuYXV0aC5iYWNrZW5kcy5Nb2RlbEJhY2tlbmQiLCJfYXV0aF91c2VyX2hhc2giOiJjYWM5NzhiODVmNTA0NDE2YWQ1MGMwYmNhN2I5MWQwOGZjYzg0YmYyIn0=", "expire_date": "2019-11-27T22:16:17.234Z"}}, {"model": "sessions.session", "pk": "iwwf6qf9xpkc3ehu8ax9b86l15px6h4l", "fields": {"session_data": "N2E3YzA4MzA1YzhlNTFkZmRmYzhkZWM0YzA2OTI5MzU5Y2YxMzgxOTp7Il9hdXRoX3VzZXJfaWQiOiIxMSIsIl9hdXRoX3VzZXJfYmFja2VuZCI6ImRqYW5nby5jb250cmliLmF1dGguYmFja2VuZHMuTW9kZWxCYWNrZW5kIiwiX2F1dGhfdXNlcl9oYXNoIjoiOTVhMDI5MDgzZWMxOTEwYmNkNGEwMDVlNGY4MDQ0MzE4NjZiZmEzYSJ9", "expire_date": "2020-05-20T08:33:08.203Z"}}, {"model": "sessions.session", "pk": "nyg6jg3qtk4itesc084s5yg25zu12jvj", "fields": {"session_data": "OWUwYTVkYmFjYmEzMzVlMzIxMjZmMjVmYzhiYjdlYWU3NzQzNGQ4Njp7Il9hdXRoX3VzZXJfaWQiOiIxIiwiX2F1dGhfdXNlcl9iYWNrZW5kIjoiZGphbmdvLmNvbnRyaWIuYXV0aC5iYWNrZW5kcy5Nb2RlbEJhY2tlbmQiLCJfYXV0aF91c2VyX2hhc2giOiJlNjc2OTI4MzFkN2U1ZmY1ZTg3MDZhODViY2UyODJmNzVkZmUxMTQyIn0=", "expire_date": "2020-04-02T18:23:24.921Z"}}, {"model": "sessions.session", "pk": "pmwhjbluj6q2iz8e4wgo25ivle20l2pa", "fields": {"session_data": "OWUwYTVkYmFjYmEzMzVlMzIxMjZmMjVmYzhiYjdlYWU3NzQzNGQ4Njp7Il9hdXRoX3VzZXJfaWQiOiIxIiwiX2F1dGhfdXNlcl9iYWNrZW5kIjoiZGphbmdvLmNvbnRyaWIuYXV0aC5iYWNrZW5kcy5Nb2RlbEJhY2tlbmQiLCJfYXV0aF91c2VyX2hhc2giOiJlNjc2OTI4MzFkN2U1ZmY1ZTg3MDZhODViY2UyODJmNzVkZmUxMTQyIn0=", "expire_date": "2020-03-08T06:43:41.290Z"}}, {"model": "sessions.session", "pk": "vga73qa0eglyvxf5gkxxubrmexrwfr4c", "fields": {"session_data": "OWUwYTVkYmFjYmEzMzVlMzIxMjZmMjVmYzhiYjdlYWU3NzQzNGQ4Njp7Il9hdXRoX3VzZXJfaWQiOiIxIiwiX2F1dGhfdXNlcl9iYWNrZW5kIjoiZGphbmdvLmNvbnRyaWIuYXV0aC5iYWNrZW5kcy5Nb2RlbEJhY2tlbmQiLCJfYXV0aF91c2VyX2hhc2giOiJlNjc2OTI4MzFkN2U1ZmY1ZTg3MDZhODViY2UyODJmNzVkZmUxMTQyIn0=", "expire_date": "2020-04-02T13:52:50.493Z"}}, {"model": "sessions.session", "pk": "wzdbv0en2xua3c2w9jrs8dgimnb0l7xu", "fields": {"session_data": "YjQwNmMzZGRjNDIzODA1YjRmNTIwOTU1ZDdmNDdlOTM4ODNhMmQ4MTp7Il9hdXRoX3VzZXJfaWQiOiIxIiwiX2F1dGhfdXNlcl9iYWNrZW5kIjoiZGphbmdvLmNvbnRyaWIuYXV0aC5iYWNrZW5kcy5Nb2RlbEJhY2tlbmQiLCJfYXV0aF91c2VyX2hhc2giOiJjYWM5NzhiODVmNTA0NDE2YWQ1MGMwYmNhN2I5MWQwOGZjYzg0YmYyIn0=", "expire_date": "2019-09-08T01:21:04.843Z"}}, {"model": "nertz.round", "pk": 1, "fields": {"game": 1}}, {"model": "nertz.round", "pk": 2, "fields": {"game": 1}}, {"model": "nertz.round", "pk": 3, "fields": {"game": 1}}, {"model": "nertz.round", "pk": 4, "fields": {"game": 1}}, {"model": "nertz.round", "pk": 6, "fields": {"game": 1}}, {"model": "nertz.round", "pk": 7, "fields": {"game": 1}}, {"model": "nertz.round", "pk": 8, "fields": {"game": 1}}, {"model": "nertz.round", "pk": 9, "fields": {"game": 1}}, {"model": "nertz.round", "pk": 10, "fields": {"game": 1}}, {"model": "nertz.round", "pk": 11, "fields": {"game": 1}}, {"model": "nertz.round", "pk": 12, "fields": {"game": 1}}, {"model": "nertz.round", "pk": 13, "fields": {"game": 1}}, {"model": "nertz.round", "pk": 14, "fields": {"game": 1}}, {"model": "nertz.round", "pk": 15, "fields": {"game": 1}}, {"model": "nertz.round", "pk": 16, "fields": {"game": 1}}, {"model": "nertz.round", "pk": 17, "fields": {"game": 1}}, {"model": "nertz.round", "pk": 18, "fields": {"game": 1}}, {"model": "nertz.round", "pk": 19, "fields": {"game": 1}}, {"model": "nertz.round", "pk": 20, "fields": {"game": 1}}, {"model": "nertz.round", "pk": 21, "fields": {"game": 1}}, {"model": "nertz.round", "pk": 22, "fields": {"game": 1}}, {"model": "nertz.round", "pk": 27, "fields": {"game": 7}}, {"model": "nertz.round", "pk": 28, "fields": {"game": 8}}, {"model": "nertz.round", "pk": 29, "fields": {"game": 9}}, {"model": "nertz.round", "pk": 30, "fields": {"game": 10}}, {"model": "nertz.round", "pk": 31, "fields": {"game": 11}}, {"model": "nertz.round", "pk": 32, "fields": {"game": 12}}, {"model": "nertz.round", "pk": 33, "fields": {"game": 13}}, {"model": "nertz.round", "pk": 34, "fields": {"game": 14}}, {"model": "nertz.round", "pk": 35, "fields": {"game": 15}}, {"model": "nertz.round", "pk": 36, "fields": {"game": 16}}, {"model": "auth.permission", "pk": 1, "fields": {"name": "Can add log entry", "content_type": 1, "codename": "add_logentry"}}, {"model": "auth.permission", "pk": 2, "fields": {"name": "Can change log entry", "content_type": 1, "codename": "change_logentry"}}, {"model": "auth.permission", "pk": 3, "fields": {"name": "Can delete log entry", "content_type": 1, "codename": "delete_logentry"}}, {"model": "auth.permission", "pk": 4, "fields": {"name": "Can view log entry", "content_type": 1, "codename": "view_logentry"}}, {"model": "auth.permission", "pk": 5, "fields": {"name": "Can add permission", "content_type": 2, "codename": "add_permission"}}, {"model": "auth.permission", "pk": 6, "fields": {"name": "Can change permission", "content_type": 2, "codename": "change_permission"}}, {"model": "auth.permission", "pk": 7, "fields": {"name": "Can delete permission", "content_type": 2, "codename": "delete_permission"}}, {"model": "auth.permission", "pk": 8, "fields": {"name": "Can view permission", "content_type": 2, "codename": "view_permission"}}, {"model": "auth.permission", "pk": 9, "fields": {"name": "Can add group", "content_type": 3, "codename": "add_group"}}, {"model": "auth.permission", "pk": 10, "fields": {"name": "Can change group", "content_type": 3, "codename": "change_group"}}, {"model": "auth.permission", "pk": 11, "fields": {"name": "Can delete group", "content_type": 3, "codename": "delete_group"}}, {"model": "auth.permission", "pk": 12, "fields": {"name": "Can view group", "content_type": 3, "codename": "view_group"}}, {"model": "auth.permission", "pk": 13, "fields": {"name": "Can add user", "content_type": 4, "codename": "add_user"}}, {"model": "auth.permission", "pk": 14, "fields": {"name": "Can change user", "content_type": 4, "codename": "change_user"}}, {"model": "auth.permission", "pk": 15, "fields": {"name": "Can delete user", "content_type": 4, "codename": "delete_user"}}, {"model": "auth.permission", "pk": 16, "fields": {"name": "Can view user", "content_type": 4, "codename": "view_user"}}, {"model": "auth.permission", "pk": 17, "fields": {"name": "Can add content type", "content_type": 5, "codename": "add_contenttype"}}, {"model": "auth.permission", "pk": 18, "fields": {"name": "Can change content type", "content_type": 5, "codename": "change_contenttype"}}, {"model": "auth.permission", "pk": 19, "fields": {"name": "Can delete content type", "content_type": 5, "codename": "delete_contenttype"}}, {"model": "auth.permission", "pk": 20, "fields": {"name": "Can view content type", "content_type": 5, "codename": "view_contenttype"}}, {"model": "auth.permission", "pk": 21, "fields": {"name": "Can add session", "content_type": 6, "codename": "add_session"}}, {"model": "auth.permission", "pk": 22, "fields": {"name": "Can change session", "content_type": 6, "codename": "change_session"}}, {"model": "auth.permission", "pk": 23, "fields": {"name": "Can delete session", "content_type": 6, "codename": "delete_session"}}, {"model": "auth.permission", "pk": 24, "fields": {"name": "Can view session", "content_type": 6, "codename": "view_session"}}, {"model": "auth.permission", "pk": 25, "fields": {"name": "Can add room", "content_type": 7, "codename": "add_room"}}, {"model": "auth.permission", "pk": 26, "fields": {"name": "Can change room", "content_type": 7, "codename": "change_room"}}, {"model": "auth.permission", "pk": 27, "fields": {"name": "Can delete room", "content_type": 7, "codename": "delete_room"}}, {"model": "auth.permission", "pk": 28, "fields": {"name": "Can view room", "content_type": 7, "codename": "view_room"}}, {"model": "auth.permission", "pk": 29, "fields": {"name": "Can add game", "content_type": 8, "codename": "add_game"}}, {"model": "auth.permission", "pk": 30, "fields": {"name": "Can change game", "content_type": 8, "codename": "change_game"}}, {"model": "auth.permission", "pk": 31, "fields": {"name": "Can delete game", "content_type": 8, "codename": "delete_game"}}, {"model": "auth.permission", "pk": 32, "fields": {"name": "Can view game", "content_type": 8, "codename": "view_game"}}, {"model": "auth.permission", "pk": 33, "fields": {"name": "Can add round", "content_type": 9, "codename": "add_round"}}, {"model": "auth.permission", "pk": 34, "fields": {"name": "Can change round", "content_type": 9, "codename": "change_round"}}, {"model": "auth.permission", "pk": 35, "fields": {"name": "Can delete round", "content_type": 9, "codename": "delete_round"}}, {"model": "auth.permission", "pk": 36, "fields": {"name": "Can view round", "content_type": 9, "codename": "view_round"}}, {"model": "auth.permission", "pk": 37, "fields": {"name": "Can add hand", "content_type": 10, "codename": "add_hand"}}, {"model": "auth.permission", "pk": 38, "fields": {"name": "Can change hand", "content_type": 10, "codename": "change_hand"}}, {"model": "auth.permission", "pk": 39, "fields": {"name": "Can delete hand", "content_type": 10, "codename": "delete_hand"}}, {"model": "auth.permission", "pk": 40, "fields": {"name": "Can view hand", "content_type": 10, "codename": "view_hand"}}, {"model": "auth.user", "pk": 1, "fields": {"password": "pbkdf2_sha256$150000$RFcOt6qNkcnf$yinFss5AMjJBgLZGy1krPJiQWkMq0Y7F3UzIdDe3dbk=", "last_login": "2020-03-19T18:23:24.906Z", "is_superuser": true, "username": "matthew", "first_name": "Matthew", "last_name": "Smith-Burlage", "email": "mattburlage@gmail.com", "is_staff": true, "is_active": true, "date_joined": "2019-08-24T20:23:58Z", "groups": [], "user_permissions": []}}, {"model": "auth.user", "pk": 2, "fields": {"password": "pbkdf2_sha256$180000$QofY8g7LQKek$weSJXhQwd9yO+d0H/W36rasQjyjlZ6DCZ/3fr6zQjL8=", "last_login": "2019-08-24T21:46:06Z", "is_superuser": false, "username": "chelsea", "first_name": "Chelsea", "last_name": "Smith-Burlage", "email": "placedbythesea@gmail.com", "is_staff": false, "is_active": true, "date_joined": "2019-08-24T21:45:47Z", "groups": [], "user_permissions": []}}, {"model": "auth.user", "pk": 8, "fields": {"password": "pbkdf2_sha256$150000$6zYLephZAEbV$n/BMvf8CdwJl5XrGelCh0EE5Uaz3Bkv5gKYA3zwW84c=", "last_login": null, "is_superuser": false, "username": "test_user", "first_name": "", "last_name": "", "email": "", "is_staff": false, "is_active": true, "date_joined": "2020-03-19T19:20:17Z", "groups": [], "user_permissions": []}}, {"model": "auth.user", "pk": 9, "fields": {"password": "pbkdf2_sha256$150000$P1idASYDn9mJ$mPBfHwSTS4/DGQP6gjSfC2cHkmAUKMpjGiu5+JAFvf8=", "last_login": null, "is_superuser": false, "username": "user2", "first_name": "", "last_name": "", "email": "", "is_staff": false, "is_active": true, "date_joined": "2020-03-19T19:25:42.171Z", "groups": [], "user_permissions": []}}, {"model": "auth.user", "pk": 10, "fields": {"password": "pbkdf2_sha256$150000$Knb1MbDwABji$i+S2/sVGYJkx2AIQ0IZLvDXnaCzpOIL4uzCBC2fE1Qk=", "last_login": null, "is_superuser": false, "username": "user3", "first_name": "User Three", "last_name": "", "email": "", "is_staff": false, "is_active": true, "date_joined": "2020-03-19T19:26:09.210Z", "groups": [], "user_permissions": []}}, {"model": "auth.user", "pk": 11, "fields": {"password": "pbkdf2_sha256$150000$BQrWpbzto3W0$MjcsizvheRVQIEqh31cmw8NDDAcYX2Tml5KFtKqGgzA=", "last_login": "2020-05-06T08:33:08.192Z", "is_superuser": true, "username": "matt", "first_name": "", "last_name": "", "email": "mattburlage@gmail.com", "is_staff": true, "is_active": true, "date_joined": "2020-05-06T08:32:45.699Z", "groups": [], "user_permissions": []}}, {"model": "auth.user", "pk": 12, "fields": {"password": "pbkdf2_sha256$150000$HxZXAOA3ypb5$5vs6b7NZX/q0vw472cGaAtVumOYv96asuXABseOfrmo=", "last_login": null, "is_superuser": false, "username": "steve", "first_name": "Matt3", "last_name": "", "email": "", "is_staff": false, "is_active": true, "date_joined": "2020-05-06T08:35:07.948Z", "groups": [], "user_permissions": []}}, {"model": "nertz.room", "pk": 1, "fields": {"name": "Ivins", "members": [1, 2, 11, 12]}}, {"model": "nertz.room", "pk": 7, "fields": {"name": "room2", "members": [8, 9, 10]}}, {"model": "nertz.game", "pk": 1, "fields": {"room": 1, "players": [1, 2, 12]}}, {"model": "nertz.game", "pk": 7, "fields": {"room": 7, "players": [8, 9, 10]}}, {"model": "nertz.game", "pk": 8, "fields": {"room": 1, "players": [1, 2]}}, {"model": "nertz.game", "pk": 9, "fields": {"room": 1, "players": [1, 2]}}, {"model": "nertz.game", "pk": 10, "fields": {"room": 1, "players": [1, 2]}}, {"model": "nertz.game", "pk": 11, "fields": {"room": 1, "players": [1, 2]}}, {"model": "nertz.game", "pk": 12, "fields": {"room": 1, "players": [1, 2]}}, {"model": "nertz.game", "pk": 13, "fields": {"room": 1, "players": [1, 2]}}, {"model": "nertz.game", "pk": 14, "fields": {"room": 1, "players": [1, 2]}}, {"model": "nertz.game", "pk": 15, "fields": {"room": 1, "players": [1, 2, 11]}}, {"model": "nertz.game", "pk": 16, "fields": {"room": 1, "players": [1, 2, 11, 12]}}, {"model": "nertz.hand", "pk": 1, "fields": {"round": 1, "player": 2, "nertz": 3, "points": 15}}, {"model": "nertz.hand", "pk": 2, "fields": {"round": 1, "player": 1, "nertz": 5, "points": 15}}, {"model": "nertz.hand", "pk": 3, "fields": {"round": 2, "player": 2, "nertz": 3, "points": 20}}, {"model": "nertz.hand", "pk": 4, "fields": {"round": 2, "player": 1, "nertz": 3, "points": 18}}, {"model": "nertz.hand", "pk": 5, "fields": {"round": 3, "player": 1, "nertz": 5, "points": 20}}, {"model": "nertz.hand", "pk": 6, "fields": {"round": 3, "player": 2, "nertz": 1, "points": 20}}, {"model": "nertz.hand", "pk": 7, "fields": {"round": 4, "player": 1, "nertz": 5, "points": 22}}, {"model": "nertz.hand", "pk": 8, "fields": {"round": 4, "player": 2, "nertz": 2, "points": 12}}, {"model": "nertz.hand", "pk": 9, "fields": {"round": 6, "player": 2, "nertz": 5, "points": 20}}, {"model": "nertz.hand", "pk": 10, "fields": {"round": 6, "player": 1, "nertz": 3, "points": 17}}, {"model": "nertz.hand", "pk": 11, "fields": {"round": 7, "player": 1, "nertz": 5, "points": 10}}, {"model": "nertz.hand", "pk": 12, "fields": {"round": 7, "player": 2, "nertz": 9, "points": 10}}, {"model": "nertz.hand", "pk": 13, "fields": {"round": 8, "player": 1, "nertz": 5, "points": 20}}, {"model": "nertz.hand", "pk": 14, "fields": {"round": 8, "player": 2, "nertz": 3, "points": 10}}, {"model": "nertz.hand", "pk": 15, "fields": {"round": 9, "player": 1, "nertz": 3, "points": 15}}, {"model": "nertz.hand", "pk": 16, "fields": {"round": 9, "player": 2, "nertz": 5, "points": 15}}, {"model": "nertz.hand", "pk": 17, "fields": {"round": 10, "player": 1, "nertz": 4, "points": 4}}, {"model": "nertz.hand", "pk": 18, "fields": {"round": 10, "player": 2, "nertz": 3, "points": 15}}, {"model": "nertz.hand", "pk": 19, "fields": {"round": 11, "player": 1, "nertz": 4, "points": 15}}, {"model": "nertz.hand", "pk": 20, "fields": {"round": 11, "player": 2, "nertz": 3, "points": 15}}, {"model": "nertz.hand", "pk": 21, "fields": {"round": 12, "player": 2, "nertz": 4, "points": 15}}, {"model": "nertz.hand", "pk": 22, "fields": {"round": 12, "player": 1, "nertz": 3, "points": 20}}, {"model": "nertz.hand", "pk": 23, "fields": {"round": 13, "player": 1, "nertz": 4, "points": 20}}, {"model": "nertz.hand", "pk": 24, "fields": {"round": 13, "player": 2, "nertz": 5, "points": 25}}, {"model": "nertz.hand", "pk": 25, "fields": {"round": 14, "player": 1, "nertz": 2, "points": 20}}, {"model": "nertz.hand", "pk": 26, "fields": {"round": 14, "player": 2, "nertz": 2, "points": 5}}, {"model": "nertz.hand", "pk": 27, "fields": {"round": 15, "player": 1, "nertz": 3, "points": 15}}, {"model": "nertz.hand", "pk": 28, "fields": {"round": 15, "player": 2, "nertz": 3, "points": 20}}, {"model": "nertz.hand", "pk": 29, "fields": {"round": 16, "player": 2, "nertz": 5, "points": 13}}, {"model": "nertz.hand", "pk": 30, "fields": {"round": 16, "player": 1, "nertz": 5, "points": 13}}, {"model": "nertz.hand", "pk": 31, "fields": {"round": 17, "player": 1, "nertz": 5, "points": 3}}, {"model": "nertz.hand", "pk": 32, "fields": {"round": 17, "player": 2, "nertz": 4, "points": 5}}, {"model": "nertz.hand", "pk": 33, "fields": {"round": 18, "player": 2, "nertz": 5, "points": 5}}, {"model": "nertz.hand", "pk": 34, "fields": {"round": 18, "player": 1, "nertz": 4, "points": 4}}, {"model": "nertz.hand", "pk": 35, "fields": {"round": 19, "player": 2, "nertz": 4, "points": 4}}, {"model": "nertz.hand", "pk": 36, "fields": {"round": 19, "player": 1, "nertz": 1, "points": 15}}, {"model": "nertz.hand", "pk": 37, "fields": {"round": 20, "player": 1, "nertz": 1, "points": 1}}, {"model": "nertz.hand", "pk": 38, "fields": {"round": 20, "player": 2, "nertz": 1, "points": 1}}, {"model": "nertz.hand", "pk": 39, "fields": {"round": 21, "player": 2, "nertz": 5, "points": 15}}, {"model": "nertz.hand", "pk": 40, "fields": {"round": 21, "player": 1, "nertz": 5, "points": 5}}, {"model": "nertz.hand", "pk": 41, "fields": {"round": 27, "player": 10, "nertz": 20, "points": 5}}, {"model": "nertz.hand", "pk": 42, "fields": {"round": 35, "player": 11, "nertz": 3, "points": 13}}, {"model": "admin.logentry", "pk": 1, "fields": {"action_time": "2019-08-24T21:45:47.604Z", "user": 1, "content_type": 4, "object_id": "2", "object_repr": "chelsea", "action_flag": 1, "change_message": "[{\"added\": {}}]"}}, {"model": "admin.logentry", "pk": 2, "fields": {"action_time": "2019-08-24T21:46:07.426Z", "user": 1, "content_type": 4, "object_id": "2", "object_repr": "chelsea", "action_flag": 2, "change_message": "[{\"changed\": {\"fields\": [\"first_name\", \"last_name\", \"email\", \"last_login\"]}}]"}}, {"model": "admin.logentry", "pk": 3, "fields": {"action_time": "2019-08-24T21:46:18.233Z", "user": 1, "content_type": 4, "object_id": "1", "object_repr": "matthew", "action_flag": 2, "change_message": "[{\"changed\": {\"fields\": [\"first_name\", \"last_name\"]}}]"}}, {"model": "admin.logentry", "pk": 4, "fields": {"action_time": "2019-08-24T22:20:05.983Z", "user": 1, "content_type": 7, "object_id": "1", "object_repr": "Room object (1)", "action_flag": 1, "change_message": "[{\"added\": {}}]"}}, {"model": "admin.logentry", "pk": 5, "fields": {"action_time": "2019-08-24T22:21:40.704Z", "user": 1, "content_type": 8, "object_id": "1", "object_repr": "Game 1 (Ivins)", "action_flag": 1, "change_message": "[{\"added\": {}}]"}}, {"model": "admin.logentry", "pk": 6, "fields": {"action_time": "2019-08-24T22:22:51.412Z", "user": 1, "content_type": 9, "object_id": "1", "object_repr": "Round 1 (Game 1 in Ivins)", "action_flag": 1, "change_message": "[{\"added\": {}}]"}}, {"model": "admin.logentry", "pk": 7, "fields": {"action_time": "2019-08-24T22:26:57.061Z", "user": 1, "content_type": 10, "object_id": "1", "object_repr": "Hand 1 for chelsea (Round 1, Game 1, Room Ivins", "action_flag": 1, "change_message": "[{\"added\": {}}]"}}, {"model": "admin.logentry", "pk": 8, "fields": {"action_time": "2019-08-24T22:27:05.258Z", "user": 1, "content_type": 10, "object_id": "2", "object_repr": "Hand 2 for matthew (Round 1, Game 1, Room Ivins", "action_flag": 1, "change_message": "[{\"added\": {}}]"}}, {"model": "admin.logentry", "pk": 9, "fields": {"action_time": "2019-08-24T23:05:13.448Z", "user": 1, "content_type": 9, "object_id": "2", "object_repr": "Round 2 (Game 1 in Ivins)", "action_flag": 1, "change_message": "[{\"added\": {}}]"}}, {"model": "admin.logentry", "pk": 10, "fields": {"action_time": "2019-08-24T23:05:21.071Z", "user": 1, "content_type": 10, "object_id": "3", "object_repr": "Hand 3 for chelsea (Round 2, Game 1, Room Ivins)", "action_flag": 1, "change_message": "[{\"added\": {}}]"}}, {"model": "admin.logentry", "pk": 11, "fields": {"action_time": "2019-08-24T23:05:27.516Z", "user": 1, "content_type": 10, "object_id": "4", "object_repr": "Hand 4 for matthew (Round 2, Game 1, Room Ivins)", "action_flag": 1, "change_message": "[{\"added\": {}}]"}}, {"model": "admin.logentry", "pk": 12, "fields": {"action_time": "2019-08-25T01:34:12.147Z", "user": 1, "content_type": 9, "object_id": "3", "object_repr": "Round 3 (Game 1 in Ivins)", "action_flag": 1, "change_message": "[{\"added\": {}}]"}}, {"model": "admin.logentry", "pk": 13, "fields": {"action_time": "2019-08-25T01:35:22.055Z", "user": 1, "content_type": 10, "object_id": "5", "object_repr": "Hand 5 for matthew (Round 3, Game 1, Room Ivins)", "action_flag": 1, "change_message": "[{\"added\": {}}]"}}, {"model": "admin.logentry", "pk": 14, "fields": {"action_time": "2019-08-25T01:35:53.247Z", "user": 1, "content_type": 10, "object_id": "6", "object_repr": "Hand 6 for chelsea (Round 3, Game 1, Room Ivins)", "action_flag": 1, "change_message": "[{\"added\": {}}]"}}, {"model": "admin.logentry", "pk": 15, "fields": {"action_time": "2019-08-25T01:58:12.984Z", "user": 1, "content_type": 9, "object_id": "4", "object_repr": "Round 4 (Game 1 in Ivins)", "action_flag": 1, "change_message": "[{\"added\": {}}]"}}, {"model": "admin.logentry", "pk": 16, "fields": {"action_time": "2019-08-25T01:58:24.695Z", "user": 1, "content_type": 9, "object_id": "5", "object_repr": "Round 5 (Game 1 in Ivins)", "action_flag": 1, "change_message": "[{\"added\": {}}]"}}, {"model": "admin.logentry", "pk": 17, "fields": {"action_time": "2019-08-25T01:58:32.396Z", "user": 1, "content_type": 9, "object_id": "5", "object_repr": "Round 5 (Game 1 in Ivins)", "action_flag": 3, "change_message": ""}}, {"model": "admin.logentry", "pk": 18, "fields": {"action_time": "2019-08-25T01:58:46.927Z", "user": 1, "content_type": 10, "object_id": "7", "object_repr": "Hand 7 for matthew (Round 4, Game 1, Room Ivins)", "action_flag": 1, "change_message": "[{\"added\": {}}]"}}, {"model": "admin.logentry", "pk": 19, "fields": {"action_time": "2019-08-25T02:26:13.476Z", "user": 1, "content_type": 10, "object_id": "8", "object_repr": "Hand 8 for chelsea (Round 4, Game 1, Room Ivins)", "action_flag": 1, "change_message": "[{\"added\": {}}]"}}, {"model": "admin.logentry", "pk": 20, "fields": {"action_time": "2019-08-25T02:26:38.948Z", "user": 1, "content_type": 10, "object_id": "9", "object_repr": "Hand 9 for chelsea (Round 4, Game 1, Room Ivins)", "action_flag": 1, "change_message": "[{\"added\": {}}]"}}, {"model": "admin.logentry", "pk": 21, "fields": {"action_time": "2019-08-25T20:27:25.233Z", "user": 1, "content_type": 9, "object_id": "6", "object_repr": "Round 6 (Game 1 in Ivins)", "action_flag": 1, "change_message": "[{\"added\": {}}]"}}, {"model": "admin.logentry", "pk": 22, "fields": {"action_time": "2019-08-25T20:27:32.465Z", "user": 1, "content_type": 10, "object_id": "9", "object_repr": "Hand 9 for chelsea (Round 6, Game 1, Room Ivins)", "action_flag": 2, "change_message": "[{\"changed\": {\"fields\": [\"round\"]}}]"}}, {"model": "admin.logentry", "pk": 23, "fields": {"action_time": "2019-08-25T20:56:44.655Z", "user": 1, "content_type": 10, "object_id": "12", "object_repr": "Hand 12 for chelsea (Round 7, Game 1, Room Ivins)", "action_flag": 1, "change_message": "[{\"added\": {}}]"}}, {"model": "admin.logentry", "pk": 24, "fields": {"action_time": "2019-08-26T02:00:57.150Z", "user": 1, "content_type": 10, "object_id": "14", "object_repr": "Hand 14 for chelsea (Round 8, Game 1, Room Ivins)", "action_flag": 1, "change_message": "[{\"added\": {}}]"}}, {"model": "admin.logentry", "pk": 25, "fields": {"action_time": "2019-08-26T02:06:46.600Z", "user": 1, "content_type": 10, "object_id": "16", "object_repr": "Hand 16 for chelsea (Round 9, Game 1, Room Ivins)", "action_flag": 1, "change_message": "[{\"added\": {}}]"}}, {"model": "admin.logentry", "pk": 26, "fields": {"action_time": "2019-08-26T02:26:22.157Z", "user": 1, "content_type": 10, "object_id": "18", "object_repr": "Hand 18 for chelsea (Round 10, Game 1, Room Ivins)", "action_flag": 1, "change_message": "[{\"added\": {}}]"}}, {"model": "admin.logentry", "pk": 27, "fields": {"action_time": "2019-11-13T22:16:17.199Z", "user": 1, "content_type": 4, "object_id": "2", "object_repr": "chelsea", "action_flag": 2, "change_message": "[{\"changed\": {\"fields\": [\"password\"]}}]"}}, {"model": "admin.logentry", "pk": 28, "fields": {"action_time": "2020-03-19T18:34:04.372Z", "user": 1, "content_type": 7, "object_id": "2", "object_repr": "room1", "action_flag": 3, "change_message": ""}}, {"model": "admin.logentry", "pk": 29, "fields": {"action_time": "2020-03-19T18:34:12.310Z", "user": 1, "content_type": 4, "object_id": "3", "object_repr": "user", "action_flag": 3, "change_message": ""}}, {"model": "admin.logentry", "pk": 30, "fields": {"action_time": "2020-03-19T18:35:27.020Z", "user": 1, "content_type": 4, "object_id": "4", "object_repr": "user", "action_flag": 3, "change_message": ""}}, {"model": "admin.logentry", "pk": 31, "fields": {"action_time": "2020-03-19T18:35:36.037Z", "user": 1, "content_type": 7, "object_id": "3", "object_repr": "room1", "action_flag": 3, "change_message": ""}}, {"model": "admin.logentry", "pk": 32, "fields": {"action_time": "2020-03-19T18:47:31.653Z", "user": 1, "content_type": 4, "object_id": "5", "object_repr": "user", "action_flag": 3, "change_message": ""}}, {"model": "admin.logentry", "pk": 33, "fields": {"action_time": "2020-03-19T18:47:41.220Z", "user": 1, "content_type": 7, "object_id": "4", "object_repr": "room1", "action_flag": 3, "change_message": ""}}, {"model": "admin.logentry", "pk": 34, "fields": {"action_time": "2020-03-19T18:48:04.060Z", "user": 1, "content_type": 7, "object_id": "5", "object_repr": "room4", "action_flag": 3, "change_message": ""}}, {"model": "admin.logentry", "pk": 35, "fields": {"action_time": "2020-03-19T18:48:11.282Z", "user": 1, "content_type": 4, "object_id": "6", "object_repr": "test_user", "action_flag": 3, "change_message": ""}}, {"model": "admin.logentry", "pk": 36, "fields": {"action_time": "2020-03-19T18:59:01.057Z", "user": 1, "content_type": 4, "object_id": "7", "object_repr": "test_user", "action_flag": 3, "change_message": ""}}, {"model": "admin.logentry", "pk": 37, "fields": {"action_time": "2020-03-19T18:59:10.370Z", "user": 1, "content_type": 7, "object_id": "6", "object_repr": "room5", "action_flag": 3, "change_message": ""}}, {"model": "admin.logentry", "pk": 38, "fields": {"action_time": "2020-03-19T19:20:51.923Z", "user": 1, "content_type": 4, "object_id": "8", "object_repr": "test_user", "action_flag": 2, "change_message": "[{\"changed\": {\"fields\": [\"first_name\", \"last_name\"]}}]"}}, {"model": "admin.logentry", "pk": 39, "fields": {"action_time": "2020-03-19T19:24:32.031Z", "user": 1, "content_type": 4, "object_id": "8", "object_repr": "test_user", "action_flag": 2, "change_message": "[{\"changed\": {\"fields\": [\"first_name\", \"last_name\"]}}]"}}, {"model": "admin.logentry", "pk": 40, "fields": {"action_time": "2020-05-06T08:33:35.171Z", "user": 11, "content_type": 7, "object_id": "1", "object_repr": "Ivins", "action_flag": 2, "change_message": "[{\"changed\": {\"fields\": [\"members\"]}}]"}}, {"model": "admin.logentry", "pk": 41, "fields": {"action_time": "2020-05-06T08:34:15.837Z", "user": 11, "content_type": 8, "object_id": "15", "object_repr": "Game 15 (Ivins)", "action_flag": 2, "change_message": "[{\"changed\": {\"fields\": [\"players\"]}}]"}}]